{
  "accuracy": 0.914,
  "precision": 0.9160804020100503,
  "recall": 0.9115,
  "f1": 0.9137844611528823,
  "roc_auc": 0.9734879444444444,
  "ap": 0.9730755885652432
}